{
  "version": "1",
  "cognitoConfig": {
    "identityPoolName": "weprep38b852eb_identitypool_38b852eb",
    "allowUnauthenticatedIdentities": false,
    "resourceNameTruncated": "weprep38b852eb",
    "userPoolName": "weprep38b852eb_userpool_38b852eb",
    "autoVerifiedAttributes": [
      "email"
    ],
    "mfaConfiguration": "OFF",
    "mfaTypes": [
      "SMS Text Message"
    ],
    "smsAuthenticationMessage": "Your authentication code is {####}",
    "smsVerificationMessage": "Your verification code is {####}",
    "emailVerificationSubject": "Your verification code",
    "emailVerificationMessage": "Your verification code is {####}",
    "defaultPasswordPolicy": false,
    "passwordPolicyMinLength": 8,
    "passwordPolicyCharacters": [],
    "requiredAttributes": [
      "email"
    ],
    "aliasAttributes": [],
    "userpoolClientGenerateSecret": false,
    "userpoolClientRefreshTokenValidity": 30,
    "userpoolClientWriteAttributes": [
      "email"
    ],
    "userpoolClientReadAttributes": [
      "email"
    ],
    "userpoolClientLambdaRole": "weprep38b852eb_userpoolclient_lambda_role",
    "userpoolClientSetAttributes": false,
    "sharedId": "38b852eb",
    "resourceName": "weprep38b852eb",
    "authSelections": "identityPoolAndUserPool",
    "useDefault": "defaultSocial",
    "hostedUI": true,
    "usernameAttributes": [
      "email"
    ],
    "triggers": {},
    "hostedUIDomainName": "weprep-auth",
    "authProvidersUserPool": [],
    "hostedUIProviderMeta": "[]",
    "oAuthMetadata": "{\"AllowedOAuthFlows\":[\"code\"],\"AllowedOAuthScopes\":[\"phone\",\"email\",\"openid\",\"profile\",\"aws.cognito.signin.user.admin\"],\"CallbackURLs\":[\"https://www.weprep.co/home/\"],\"LogoutURLs\":[\"htpps://www.weprep.co/\"]}",
    "userPoolGroupList": [],
    "serviceName": "Cognito",
    "usernameCaseSensitive": false,
    "useEnabledMfas": true
  }
}
